Brand Name,Product Name,Price,Offer
REDUX,Analogue Black Dial Men�s Watch,?299,"Save ?1,900 (86%)"
Fossil,"Fenmore Analogue Men's Watch (Off-White Dial Brown Colored Strap)""","?4,745","Save ?4,750 (50%)"
REDUX,RWS0014S Analogue Black Dial Man's & Boy's Watch,?189,"Save ?1,210 (86%)"
Casio,Vintage Series Digital Black Dial Unisex's Watch-A168WGG-1BDF,"?3,956",Save ?439 (10%)
REDUX,Analog Brown Designer Dial Men�s Watch,?299,"Save ?1,900 (86%)"
Sonata,,,
Fossil,"Fenmore Analogue Men's Watch (Off-White Dial Brown Colored Strap)""","?4,745","Save ?4,750 (50%)"
REDUX,RWS0014S Analogue Black Dial Man's & Boy's Watch,?189,"Save ?1,210 (86%)"
Casio,Vintage Series Digital Black Dial Unisex's Watch-A168WGG-1BDF,"?3,956",Save ?439 (10%)
REDUX,Analog Brown Designer Dial Men�s Watch,?299,"Save ?1,900 (86%)"
Sonata,,,
REDUX,Analogue Black Dial Men�s Watch,?299,"Save ?1,900 (86%)"
Fossil,"Fenmore Analogue Men's Watch (Off-White Dial Brown Colored Strap)""","?4,745","Save ?4,750 (50%)"
REDUX,RWS0014S Analogue Black Dial Man's & Boy's Watch,?189,"Save ?1,210 (86%)"
Casio,Vintage Series Digital Black Dial Unisex's Watch-A168WGG-1BDF,"?3,956",Save ?439 (10%)
REDUX,Analog Brown Designer Dial Men�s Watch,?299,"Save ?1,900 (86%)"
Sonata,,,
Fossil,"Fenmore Analogue Men's Watch (Off-White Dial Brown Colored Strap)""","?4,745","Save ?4,750 (50%)"
REDUX,RWS0014S Analogue Black Dial Man's & Boy's Watch,?189,"Save ?1,210 (86%)"
Casio,Vintage Series Digital Black Dial Unisex's Watch-A168WGG-1BDF,"?3,956",Save ?439 (10%)
REDUX,Analog Brown Designer Dial Men�s Watch,?299,"Save ?1,900 (86%)"
Sonata,,,
